"Address","Address - Zip Code","Listing Date","Listing Price","Pending Date","Price Per Sq Ft","Selling Date","Selling Price"
"9741 Cole Dr Stockton, CA 95212-2025","95212","09/16/10","74900","11/02/10","108.33","12/22/10","78000"
"4818 Quashnick Rd Stockton, CA 95212-2500","95212","10/27/12","85000","10/27/12","102.91","07/03/13","85000"
"9721 Leland Way Stockton, CA 95212-2415","95212","04/27/10","108000","05/06/10","56.66","06/09/10","105000"
"4930 Quashnick Rd Stockton, CA 95212-2514","95212","09/10/13","96000","09/25/13","100.62","12/02/13","106251"
"4718 Quashnick Rd Stockton, CA 95212-2516","95212","05/14/09","104900","07/29/09","114.45","10/28/09","115367"
"4840 Balsam Dr Stockton, CA 95212-2110","95212","05/12/13","124000","05/15/13","82.74","06/13/13","116000"
"4806 Cosmos Dr Stockton, CA 95212-2116","95212","05/20/09","99000","08/21/09","124.50","03/09/10","125000"
"10333 Garnet Ave Stockton, CA 95212-2134","95212","02/18/09","119900","03/26/09","135.00","06/03/09","135000"
"4670 Eastview Dr Stockton, CA 95212-2122","95212","03/30/09","99900","04/08/09","111.41","05/22/09","125000"
"4825 E Quashnick Rd Stockton, CA 95212","95212","11/14/08","125900","12/21/08","144.68","01/30/09","125000"
"4805 Cosmos Dr Stockton, CA 95212-2115","95212","05/27/11","119900","06/03/11","112.69","07/22/11","119000"
"4740 Quashnick Rd, Stockton, CA 95212-2516","95212","10/06/11","118900","10/14/11","112.59","02/01/12","118900"
"8245 Bennett Stockton, CA 95212-2202","95212","02/24/15","150000","02/26/15","71.75","03/20/15","142500"
"4705 Dahlia Stockton, CA 95212","95212","11/30/13","150000","12/03/13","116.10","01/10/14","150000"
"4756 Hibiscus Rd Stockton, CA 95212-2520","95212","09/02/10","145000","09/13/10","105.59","10/11/10","155000"
"10269 Freesia Ave Stockton, CA 95212-2136","95212","07/29/12","114000","07/30/12","97.69","11/16/12","114000"
"4746 Eastview Dr Stockton, CA 95212-2122","95212","03/29/12","110000","12/28/12","90.76","02/15/13","110000"
"4509 Shippee Ln Stockton, CA 95212-1300","95212","02/25/11","110000","03/24/11","85.94","04/29/11","110000"
"10008 Freesia Ave, Stockton, CA 95212-2131","95212","06/22/15","170000","07/21/15","132.01","07/31/15","160000"
"4625 Quashnick Rd, Stockton, CA 95212-2517","95212","02/26/16","180000","03/13/16","176.21","04/28/16","160000"
"4657 Cosmos Dr Stockton, CA 95212-2113","95212","04/17/12","94000","06/26/12","101.61","07/13/12","107500"
"4650 Balsam Dr Stockton, CA 95212-2141","95212","11/13/14","174900","12/12/14","158.65","01/08/15","165000"
"4720 Dahlia Dr Stockton, CA 95212-2118","95212","07/31/12","99900","08/07/12","77.74","08/24/12","95000"
"4655 Quashnick Rd Stockton, CA 95212-2517","95212","01/21/10","92800","01/25/11","59.43","09/20/11","88199"
"4637 Dahlia Dr Stockton, CA 95212-2117","95212","04/22/10","110950","06/28/10","83.83","06/29/10","85000"
"4729 Balsam Dr Stockton, CA 95212-2107","95212","11/16/10","83660","12/10/10","92.63","03/08/11","83000"
"4662 Balsam Dr Stockton, CA 95212-2141","95212","10/22/10","74900","03/22/11","45.96","04/07/11","77900"
"4940 Quashnick Rd Stockton, CA 95212-2514","95212","11/18/10","79900","05/06/11","48.52","05/26/11","77000"
"4636 Quashnick Rd Stockton, CA 95212-2516","95212","03/31/10","99900","08/16/10","101.39","08/31/10","70875"
"9651 Cole Dr Stockton, CA 95212-2025","95212","07/14/14","149000","08/08/14","178.22","10/02/14","180000"
"5248 E Ashley Ln Stockton, CA 95212-2414","95212","03/09/13","194900","03/14/13","123.32","04/24/13","183500"
"4930 Quashnick Rd Stockton, CA 95212-2514","95212","02/08/11","75000","03/04/11","66.29","07/08/11","70000"
"4433 Shippee Ln Stockton, CA 95212-1308","95212","01/09/12","66200","01/17/12","64.04","08/01/12","65000"
"4658 Cosmos Dr Stockton, CA 95212-2114","95212","05/07/09","48000","05/14/09","45.45","06/08/09","48000"
"8366 Treasure Ave Stockton, CA 95212-1926","95212","05/25/10","134000","08/24/10","86.51","10/07/10","134000"
"4611 Hibiscus Rd Stockton, CA 95212-2521","95212","11/03/10","119900","11/23/10","142.23","12/29/10","130000"
"4657 Hibiscus Rd Stockton, CA 95212-2521","95212","01/29/10","129900","02/11/10","100.70","03/19/10","129900"
"4708 Dahlia Dr Stockton, CA 95212-2118","95212","05/29/12","119950","06/04/12","106.93","07/11/12","128000"
"9172 Gary Ave Stockton, CA 95212-2303","95212","05/20/10","214900","07/12/10","159.31","07/13/10","195000"
"4706 Eastview Dr Stockton, CA 95212-2122","95212","01/11/13","128900","02/01/13","115.85","04/16/13","125000"
"9545 Leland Way Stockton, CA 95212-2415","95212","12/04/09","159900","02/26/10","65.51","03/23/10","125000"
"10333 Garnet Ave, Stockton, CA 95212-2134","95212","10/09/15","185000","10/29/15","195.00","12/03/15","195000"
"4639 E Quashnick Rd Stockton, CA 95212-2517","95212","01/11/08","199950","06/30/08","128.78","11/18/08","200000"
"4908 Shippee Ln Stockton, CA 95212-1922","95212","05/12/10","249000","06/03/10","100.45","07/30/10","200000"
"7200 E Eight Mile Rd, Stockton, CA 95212","95212","08/27/14","250000","04/30/15","126.50","07/07/15","200000"
"9976 Hazel Rd Stockton, CA 95212-9433","95212","09/18/13","240000","09/22/13","123.01","03/27/14","200500"
"4705 Dahlia Dr Stockton, CA 95212-2117","95212","07/22/10","135000","08/09/10","105.26","11/18/10","136000"
"4803 Balsam Dr Stockton, CA 95212-2109","95212","02/03/09","129900","02/13/09","104.17","03/27/09","137500"
"4707 hisbiscus, Stockton, CA 95212-2511","95212","09/28/15","189000","10/06/15","196.41","12/31/15","202500"
"4658 Cosmos Dr Stockton, CA 95212-2114","95212","08/19/09","139900","09/01/09","130.21","09/01/09","137500"
"4742 Balsam Dr Stockton, CA 95212-2108","95212","10/07/08","139900","11/13/08","143.05","01/12/09","139900"
"9229 Valley Dr Stockton, CA 95212-1515","95212","03/26/13","207000","08/08/13","182.86","08/12/13","207000"
"10215 Freesia Ave, Stockton, CA 95212-2128","95212","09/01/15","210000","09/06/15","190.96","10/02/15","207000"
"4720 Hibiscus Rd Stockton, CA 95212-2520","95212","09/29/10","144950","09/01/11","93.04","09/08/11","155000"
"9209 Nassano Dr Stockton, CA 95212-2329","95212","12/10/08","154900","02/11/09","119.21","04/07/09","157000"
"4739 Eastview Dr Stockton, CA 95212-2121","95212","12/06/10","169900","01/04/11","84.93","01/10/11","160000"
"8315 Treasure Ave Stockton, CA 95212-1925","95212","09/09/10","260000","10/18/10","119.52","11/29/10","210000"
"4806 Cosmos Dr, Stockton, CA 95212-2116","95212","05/01/16","215000","06/06/16","209.16","07/26/16","210000"
"9756 Springfield Way Stockton, CA 95212-2019","95212","05/02/11","170000","05/01/12","91.41","05/25/12","165000"
"4860 E Ashley Ln Stockton, CA 95212-2002","95212","05/23/11","189900","10/27/11","66.54","01/04/12","170000"
"4915 Balsam Dr Stockton, CA 95212-2111","95212","10/01/13","229900","10/13/13","236.26","11/08/13","215000"
"4817 Eastview Dr, Stockton, CA 95212-2123","95212","05/09/16","225000","09/08/16","177.39","10/12/16","215000"
"9748 Cole Dr Stockton, CA 95212-2024","95212","08/04/11","199900","12/16/11","94.39","02/22/12","175000"
"8963 Hilary Ln Stockton, CA 95212-1510","95212","05/03/12","175000","10/05/12","114.68","10/12/12","175000"
"9435 N Madeline Dr Stockton, CA 95212-2014","95212","05/01/12","199500","09/21/12","108.39","10/05/12","179500"
"7240 E Eight Mile Rd Stockton, CA 95212-9444","95212","11/22/08","179900","11/25/08","113.07","12/30/08","180000"
"9121 Alhambra Ave Stockton, CA 95212-2308","95212","11/19/09","159000","09/21/10","104.17","10/25/10","180000"
"5527 Barre Ave Stockton, CA 95212-2310","95212","06/24/11","189500","11/11/11","112.92","01/06/12","180000"
"5150 E Eight Mile Stockton, CA 95212","95212","01/13/11","183600","02/16/11","145.95","06/02/11","183600"
"9370 Oakwilde Ave Stockton, CA 95212-2607","95212","07/16/12","209900","08/01/12","107.60","09/06/12","184000"
"5020 Shippee Ln Stockton, CA 95212-1922","95212","05/02/12","175000","05/14/12","88.14","07/13/12","188350"
"5058 E Ashley Ln Stockton, CA 95212-2413","95212","06/23/09","189090","07/17/09","92.01","08/21/09","189090"
"9741 Cole Dr, Stockton, CA 95212-2025","95212","05/19/16","180000","05/19/16","263.89","05/31/16","190000"
"8360 Lucienne Dr Stockton, CA 95212-2211","95212","08/04/11","204900","09/28/11","127.62","10/25/11","195000"
"9651 Cole Dr, Stockton, CA 95212","95212","06/16/15","235000","09/29/15","227.72","10/29/15","230000"
"4845 Broughton Dr Stockton, CA 95212-2005","95212","03/28/14","215000","06/21/14","171.05","07/18/14","195000"
"8916 Hildreth Ln Stockton, CA 95212-9487","95212","04/09/10","245000","04/27/10","151.54","06/11/10","202000"
"10068 Garnet Ave Stockton, CA 95212-2102","95212","11/10/13","224990","11/21/13","179.12","12/31/13","235000"
"4665 Hibiscus Rd Stockton, CA 95212-2521","95212","08/14/14","239000","08/20/14","141.09","09/13/14","239000"
"4705 Eastview Dr, Stockton, CA 95212-2121","95212","10/16/15","239900","12/07/15","215.93","12/31/15","239900"
"9471 Trenton Way Stockton, CA 95212-1621","95212","10/14/11","199900","10/28/11","88.60","11/17/11","202000"
"4924 E Ashley Ln Stockton, CA 95212-2002","95212","02/21/14","256500","03/29/14","158.73","04/25/14","240000"
"5003 E Ashley Ln Stockton, CA 95212-2405","95212","06/08/09","239000","10/20/09","150.29","11/06/09","205000"
"6459 E Morada Ln Stockton, CA 95212-9419","95212","05/04/12","209950","06/28/12","125.93","08/07/12","205900"
"9667 Trenton Way Stockton, CA 95212-1624","95212","07/27/12","205000","08/10/12","123.51","09/20/12","207500"
"8257 Terrace Dr Stockton, CA 95212-2224","95212","01/24/13","254900","03/11/13","149.07","04/26/13","247900"
"8260 N Terrace Dr Stockton, CA 95212-2227","95212","01/10/11","207900","03/15/11","109.02","03/31/11","207900"
"4806 Eastview Dr, Stockton, CA 95212-2124","95212","01/05/16","240000","03/29/16","204.62","04/21/16","248000"
"9341 Madeline Dr Stockton, CA 95212-2014","95212","08/26/13","249000","11/08/13","152.76","12/31/13","249000"
"9980 Fernwood Ave Stockton, CA 95212-9436","95212","02/05/09","214500","04/22/09","168.95","05/29/09","210000"
"5451 Barre Ave Stockton, CA 95212-2310","95212","04/08/10","239900","08/17/10","131.98","09/16/10","215000"
"8305 Leale Ave Stockton, CA 95212-1911","95212","05/02/11","209900","05/18/11","113.76","07/07/11","215000"
"4817 Cosmos Dr, Stockton, CA 95212-2115","95212","04/06/15","250000","06/19/15","149.61","08/24/15","250000"
"4808 Dahlia Dr, Stockton, CA 95212-2120","95212","07/16/15","250000","08/14/15","192.75","10/01/15","250000"
"5533 E Quashnick Rd, Stockton, CA 95212","95212","06/17/15","360000","06/19/15","132.98","11/12/15","250000"
"9409 Madeline Dr Stockton, CA 95212-2014","95212","08/29/14","272500","10/07/14","170.16","11/07/14","251500"
"4715 Foppiano Ln Stockton, CA 95212-1311","95212","07/27/09","216000","10/20/09","129.54","11/20/09","215552"
"4740 Quashnick Rd, Stockton, CA 95212-2516","95212","02/26/16","258000","05/11/16","244.32","06/21/16","258000"
"9133 Gary Ave Stockton, CA 95212-2303","95212","05/31/13","274900","06/17/13","212.42","09/05/13","260000"
"7240 Eight Mile Stockton, CA 95212-9444","95212","02/20/14","260000","03/02/14","163.32","04/30/14","260000"
"10310 Freesia Ave, Stockton, CA 95212","95212","02/19/16","254999","03/09/16","285.71","04/21/16","260000"
"10032 E Eight Mile Rd Stockton, CA 95212-9295","95212","06/09/13","247500","06/24/13","143.76","08/30/13","260500"
"9980 Fernwood Ave, Stockton, CA 95212-9436","95212","07/07/16","269000","07/25/16","210.78","08/31/16","262000"
"4655 Quashnick Rd, Stockton, CA 95212","95212","06/09/16","260000","06/15/16","177.83","08/01/16","263900"
"8509 Bennett Dr Stockton, CA 95212-2205","95212","05/21/12","240000","05/21/12","107.28","07/24/12","219824"
"6031 E Morada Ln Stockton, CA 95212-9430","95212","07/08/09","211860","08/13/09","110.83","09/04/09","220000"
"4705 Dahlia Dr, Stockton, CA 95212-2117","95212","04/30/16","264500","08/04/16","208.20","09/15/16","269000"
"10122 Fernwood Ave Stockton, CA 95212-9437","95212","06/16/11","219950","10/06/11","138.02","10/25/11","220000"
"4828 Shippee Ln Stockton, CA 95212-1921","95212","05/04/12","219950","05/08/12","143.70","06/29/12","220000"
"9360 Cole Dr Stockton, CA 95212-2007","95212","04/14/10","249900","05/13/10","83.03","06/11/10","225000"
"8424 Bennett Dr Stockton, CA 95212-2204","95212","04/12/13","275000","05/10/13","121.95","06/14/13","270000"
"4906 E Ashley Ln, Stockton, CA 95212-2002","95212","06/30/16","279000","08/15/16","142.41","08/30/16","270000"
"4543 Balsam Dr, Stockton, CA 95212","95212","02/07/16","279000","03/24/16","163.20","04/25/16","274500"
"8409 Treasure Ave Stockton, CA 95212-1925","95212","10/17/11","207000","04/30/12","75.66","05/24/12","185299"
"9429 Madeline Dr Stockton, CA 95212-2014","95212","07/15/11","189900","03/20/12","121.17","05/18/12","186000"
"9287 N Hildreth Ln Stockton, CA 95212-9418","95212","03/11/14","215000","03/23/14","178.60","04/02/14","227000"
"5345 Oakview Ln Stockton, CA 95212-2331","95212","10/11/10","210000","01/25/11","121.24","01/29/11","230000"
"4729 E Morada Ln Stockton, CA 95212-2008","95212","04/01/12","240000","08/16/12","137.15","08/30/12","230000"
"5016 N QUASHNICK Rd, Stockton, CA 95212-2506","95212","10/21/15","279900","12/22/15","187.47","02/25/16","279900"
"8884 Nassano Dr Stockton, CA 95212","95212","11/02/11","252500","11/29/11","118.15","01/06/12","233000"
"8948 Hilary Ln Stockton, CA 95212-1511","95212","07/21/14","290000","07/28/14","177.89","09/12/14","280000"
"10008 Freesia Ave, Stockton, CA 95212-2131","95212","05/06/16","280000","05/12/16","231.02","06/15/16","280000"
"5339 Harwood Ln Stockton, CA 95212-2317","95212","07/22/08","279000","04/09/09","147.61","05/08/09","284000"
"8432 Meath Dr, Stockton, CA 95212-1918","95212","02/19/11","240000","05/16/11","138.15","06/30/11","235000"
"9721 Leland Way Stockton, CA 95212-2415","95212","10/03/12","235000","10/10/12","129.52","11/16/12","240000"
"4438 Mosher Dr Stockton, CA 95212-1705","95212","12/25/12","314900","02/04/13","62.70","02/18/13","240500"
"8945 Hope Ln Stockton, CA 95212-1512","95212","07/29/09","255600","10/07/09","104.84","11/20/09","245000"
"9133 Gary Ave, Stockton, CA 95212-2303","95212","07/25/16","344000","09/13/16","232.84","11/14/16","285000"
"8756 Alhambra Ave Stockton, CA 95212-2307","95212","12/13/10","230000","02/14/11","116.67","02/21/11","245000"
"4618 Trenton Ct Stockton, CA 95212-1618","95212","04/24/12","239900","05/08/12","137.78","06/15/12","248000"
"9018 Hilary Ln Stockton, CA 95212-1511","95212","01/30/14","330000","11/07/14","168.60","12/10/14","290000"
"8120 E Eight Mile Rd Stockton, CA 95212-9302","95212","03/24/11","249900","05/16/11","148.66","05/23/11","249900"
"5560 Hildreth Ln Stockton, CA 95212-2338","95212","06/02/11","242000","06/24/11","136.02","09/09/11","250000"
"9335 Trenton Way Stockton, CA 95212-1619","95212","07/09/14","410000","03/09/15","131.06","03/23/15","292000"
"9018 Hilary Ln Stockton, CA 95212-1511","95212","06/08/12","239900","06/11/12","145.35","06/29/12","250000"
"10205 Garnet Ave Stockton, CA 95212-2105","95212","01/30/15","299000","02/09/15","168.57","03/18/15","295000"
"4729 E Morada Ln Stockton, CA 95212-2008","95212","08/21/14","299900","12/01/14","178.29","01/14/15","299000"
"5303 Foppiano Ln Stockton, CA 95212","95212","09/12/14","299900","10/20/14","192.74","11/17/14","299900"
"9425 Cole Dr Stockton, CA 95212-2006","95212","06/16/09","259500","07/09/09","131.51","09/09/09","255000"
"5516 Shippee Ln Morada, CA 95212-2215","95212","01/06/10","265000","01/16/10","104.87","02/23/10","265000"
"8963 Hilary Ln Stockton, CA 95212-1510","95212","01/07/13","269900","03/02/13","174.64","04/30/13","266500"
"9009 Hilary Ln Stockton, CA 95212-1520","95212","05/05/13","299000","05/18/13","181.01","07/23/13","305000"
"5324 Oakview Ln Stockton, CA 95212-2332","95212","01/03/13","269500","01/07/13","138.21","01/16/13","269500"
"4858 E Eight Mile Rd Stockton, CA 95212-9449","95212","06/29/10","274900","08/31/10","126.52","10/04/10","270000"
"8332 Leale Ave Stockton, CA 95212-1912","95212","02/21/13","215000","08/23/13","149.98","02/28/14","310000"
"8341 Lucienne Dr Stockton, CA 95212-2210","95212","08/21/12","274900","10/03/12","138.11","10/18/12","270000"
"8319 Meath Dr Stockton, CA 95212-1916","95212","10/25/13","315000","01/02/14","140.60","02/07/14","312000"
"8341 N Meath Dr Stockton, CA 95212","95212","01/19/11","274950","06/29/11","138.46","07/29/11","225000"
"9440 Cole Dr Stockton, CA 95212-2007","95212","03/23/11","224920","07/29/11","126.76","08/16/11","225000"
"4639 E Ridgewood Ct Stockton, CA 95212-1617","95212","04/01/08","400000","03/18/09","136.48","04/03/09","315000"
"5070 Shippee Ln Stockton, CA 95212-1922","95212","05/02/11","310000","10/17/11","97.78","10/28/11","225000"
"9160 N State Route 99 E Fr Rd Stockton, CA 95212","95212","03/31/15","349000","04/17/15","152.47","05/05/15","315000"
"9027 Hilary Ln Stockton, CA 95212-1520","95212","04/01/15","315000","04/09/15","147.47","05/14/15","315000"
"4701 Hildreth Ln Stockton, CA 95212-1410","95212","11/26/13","289900","05/12/14","141.05","07/31/14","317227"
"8740 Walnut Acres Rd Stockton, CA 95212-1419","95212","01/06/12","300000","07/05/12","111.47","09/04/12","275000"
"8747 Alhambra Ave Stockton, CA 95212-2306","95212","08/27/12","300000","09/25/12","126.73","10/29/12","275000"
"9103 Valley Dr Stockton, CA 95212-1515","95212","12/30/09","324900","05/24/10","110.21","06/11/10","324900"
"8335 Treasure Ave Stockton, CA 95212","95212","10/31/08","299000","03/17/09","124.61","04/23/09","280000"
"5500 Gary Ave Stockton, CA 95212-2316","95212","10/11/09","279900","10/16/09","165.22","03/19/10","285000"
"9947 Garnet Ave Stockton, CA 95212-1713","95212","02/23/10","275900","06/18/10","99.93","07/19/10","285000"
"9432 Plum Ave Stockton, CA 95212-2612","95212","03/12/12","315000","03/16/12","156.08","04/23/12","285000"
"9724 Cole Dr, Stockton, CA 95212-2024","95212","10/15/15","285000","06/02/16","237.50","08/17/16","285000"
"9406 TRENTON Way, Stockton, CA 95212","95212","03/01/16","299000","03/09/16","143.23","03/18/16","325000"
"8506 Bennett Dr Stockton, CA 95212-2206","95212","07/16/14","299950","08/17/14","178.63","10/03/14","326000"
"9800 E Eight Mile Rd Stockton, CA 95212-9297","95212","09/27/08","299900","04/18/09","136.90","06/17/09","287500"
"9424 Cole Dr Stockton, CA 95212-2007","95212","03/28/11","297500","08/01/11","111.84","09/23/11","290000"
"9530 Springfield Way Stockton, CA 95212-2017","95212","03/15/12","345000","06/04/12","113.68","08/20/12","330000"
"8248 Treasure Ave Stockton, CA 95212-1900","95212","08/17/09","305700","10/08/09","102.97","11/20/09","291205"
"9988 E Eight Mile Rd Stockton, CA 95212-9296","95212","10/07/11","289000","03/14/12","152.32","04/25/12","292000"
"4828 Shippee Ln, Stockton, CA 95212-1921","95212","06/10/15","325000","07/12/15","215.55","08/18/15","330000"
"8308 Leale Ave, Stockton, CA 95212-1912","95212","09/19/16","299950","09/30/16","136.76","11/23/16","333000"
"6164 Kimberly Ln Stockton, CA 95212-9427","95212","02/20/14","320000","03/04/14","134.05","05/13/14","335000"
"8374 Meath Dr Stockton, CA 95212-1915","95212","01/23/15","339900","02/20/15","196.94","03/11/15","335000"
"10700 N Oakwilde Ave Stockton, CA 95212-9249","95212","12/26/07","799995","05/02/10","216.22","05/20/10","800000"
"10541 N La Loma Way Stockton, CA 95212-9283","95212","01/22/08","950000","04/29/09","223.44","05/01/09","900000"
"8323 N Simi Ct Stockton, CA 95212-9492","95212","02/07/08","1350000","10/03/08","160.26","11/12/08","1200000"
"9185 Hildreth Ln, Stockton, CA 95212-9420","95212","04/21/08","499000","09/15/08","147.64","10/31/08","450000"
"8850 Hildreth Ln Stockton, CA 95212-9428","95212","03/09/12","300000","03/14/12","158.69","04/16/12","295000"
"5260 E Morada Ln Stockton, CA 95212-2604","95212","08/08/08","468900","01/06/09","130.69","02/20/09","405000"
"5085 E Foppiano Ln Stockton, CA 95212-1908","95212","02/26/11","299950","03/19/11","149.83","05/13/11","299950"
"5117 Hickory Ave Stockton, CA 95212-2420","95212","12/10/12","299950","12/10/12","161.61","02/25/13","299950"
"6274 Mcfarland Rd Stockton, CA 95212-9438","95212","11/01/12","299000","11/21/12","143.20","01/15/13","300000"
"9030 Frankford Ln Stockton, CA 95212-2313","95212","03/09/10","325000","04/16/10","142.92","09/10/10","310000"
"5443 Shippee Ln Stockton, CA 95212-2214","95212","05/14/10","279000","06/11/10","134.08","07/21/10","275000"
"9409 Cole Dr Stockton, CA 95212-2006","95212","06/02/10","299000","07/29/10","198.27","08/30/10","275000"
"8554 Arbour Rd Stockton, CA 95212-1400","95212","12/10/10","297000","03/17/11","129.35","05/06/11","275000"
"4532 morada Stockton, CA 95212","95212","01/13/11","309900","01/28/11","132.67","02/08/11","320000"
"5133 Shady Ln Stockton, CA 95212-1513","95212","11/19/08","349950","02/01/09","199.39","03/03/09","325000"
"5388 E Morada Ln Stockton, CA 95212-2604","95212","03/20/09","399000","04/02/09","154.91","07/01/09","325000"
"4644 Hildreth Ln Stockton, CA 95212-1427","95212","09/13/10","325000","09/25/10","98.01","11/24/10","325000"
"4922 Cozad Way Stockton, CA 95212-1904","95212","03/11/11","325000","08/31/11","127.90","09/30/11","325000"
"4652 Tudor Rose Stockton, CA 95212-9255","95212","02/23/09","599900","03/18/09","173.41","04/02/09","600000"
"5526 E Morada Ln Stockton, CA 95212-2617","95212","09/14/12","325000","11/28/12","124.86","01/11/13","325000"
"5255 Shippee Ln Stockton, CA 95212-2212","95212","07/01/12","329000","07/14/12","162.55","09/18/12","329000"
"9932 Garnet Ave Stockton, CA 95212-1703","95212","02/03/09","374900","02/23/09","119.18","04/13/09","330000"
"5324 Hildreth Ln Stockton, CA 95212-2322","95212","08/31/12","299950","09/16/12","124.91","10/15/12","330000"
"8553 Treasure Ave Stockton, CA 95212","95212","10/18/13","339000","11/02/13","118.53","11/22/13","330000"
"9904 Freesia Ave Stockton, CA 95212-1712","95212","07/21/08","395700","11/10/08","139.36","12/31/08","450000"
"6055 E Raymond Ct Stockton, CA 95212-9400","95212","08/21/08","899950","11/24/08","178.45","12/19/08","809999"
"9123 Valley Dr Stockton, CA 95212-1515","95212","09/05/08","429000","12/01/10","187.82","02/18/11","404000"
"6261 Kimberly Ln Stockton, CA 95212-9427","95212","09/09/08","490000","12/26/08","140.32","02/24/09","450000"
"5133 Shady Ln Stockton, CA 95212-1513","95212","12/14/10","319000","01/24/11","190.18","02/11/11","310000"
"8712 Walnut Acres Rd Stockton, CA 95212-1419","95212","08/24/12","339000","03/13/13","129.02","04/30/13","310300"
"8824 N Adahmor Dr Stockton, CA 95212","95212","11/07/12","314000","11/11/12","137.36","12/28/12","314000"
"6431 E Morada Ln Stockton, CA 95212-9419","95212","08/14/08","339950","02/15/09","188.06","03/27/09","315000"
"5139 Hildreth Ln Stockton, CA 95212-1412","95212","02/26/12","329000","03/07/12","104.58","04/13/12","315000"
"8257 Bennett Dr Stockton, CA 95212-2202","95212","07/21/09","298000","09/08/09","183.07","10/14/09","320000"
"8629 Robin Ln Stockton, CA 95212-2333","95212","12/18/08","399900","12/31/08","153.45","02/04/09","399900"
"9935 Freesia Ave Stockton, CA 95212-1711","95212","01/13/09","529900","01/17/09","201.57","02/27/09","524900"
"4540 Gnekow Dr Stockton, CA 95212-1307","95212","01/28/09","384900","04/02/09","164.19","06/24/09","420500"
"9312 Oakwilde Ave Stockton, CA 95212-2607","95212","02/16/09","409000","02/23/09","111.48","03/13/09","405000"
"9977 Hazel Rd Stockton, CA 95212-9433","95212","03/19/09","351000","03/24/09","154.76","04/29/09","351000"
"10780 Oakwilde Ave Stockton, CA 95212-9249","95212","04/20/09","449900","06/02/09","148.29","06/25/09","460000"
"8966 Hilary Ln Stockton, CA 95212-1511","95212","04/28/09","385000","08/15/09","157.40","09/01/09","385000"
"5660 E Acorn Ct Stockton, CA 95212-2633","95212","05/13/09","775000","03/24/10","127.52","05/07/10","777000"
"9725 Oakwilde Ave Stockton, CA 95212-2614","95212","05/28/10","599000","07/16/10","118.62","08/17/10","500000"
"4946 Eastview Dr Stockton, CA 95212-2100","95212","05/18/09","588000","07/22/09","218.68","08/31/09","565500"
"9628 Ruff Ave Stockton, CA 95212-2406","95212","06/09/09","599000","08/27/09","176.14","10/02/09","582500"
"4831 Bond Way Stockton, CA 95212-1405","95212","06/13/09","450000","07/13/10","187.73","07/20/10","450000"
"5432 E Morada Ln Stockton, CA 95212-2617","95212","07/02/09","495000","09/30/09","162.40","11/20/09","450000"
"9528 Trenton Way Stockton, CA 95212-1622","95212","07/07/09","350000","07/22/09","145.41","08/14/09","350000"
"5343 Quashnick Rd Stockton, CA 95212-9237","95212","07/14/09","515000","07/27/09","124.90","08/31/09","480000"
"9822 Doyle Ct Stockton, CA 95212-1716","95212","09/12/08","389900","12/26/08","181.35","01/21/09","389900"
"9811 Doyle Ct Stockton, CA 95212-1716","95212","10/02/08","389900","11/11/08","146.68","12/04/08","400000"
"4900 E Morada Ln Stockton, CA 95212-2013","95212","10/22/08","850000","11/20/08","191.41","12/19/08","838000"
"5729 E Eastview Dr Stockton, CA 95212-2526","95212","12/17/08","999999","01/27/09","176.52","02/24/09","999999"
"5313 Tudor Rose Stockton, CA 95212-9277","95212","02/24/11","899000","08/12/11","219.84","09/28/11","879342"
"5681 Eastview Dr Stockton, CA 95212-2525","95212","12/17/08","799000","04/08/09","222.26","04/20/09","747000"
"5240 E Adahmore Ln Stockton, CA 95212-2305","95212","01/25/10","359000","02/10/10","166.99","03/25/10","345000"
"5184 Los Cerritos Dr Stockton, CA 95212-9261","95212","04/01/10","725000","05/05/10","136.53","06/30/10","700000"
"6868 Foppiano Ln Stockton, CA 95212-9466","95212","04/06/10","465000","04/26/10","215.10","06/30/10","470000"
"9388 Madeline Dr Stockton, CA 95212-2015","95212","04/27/10","429000","07/11/10","142.66","08/12/10","410000"
"8623 Carey Ct Stockton, CA 95212-1404","95212","05/10/10","699000","07/23/10","131.10","08/11/10","680000"
"9265 Alhambra Ave Stockton, CA 95212-2309","95212","05/21/10","695000","05/27/10","201.97","06/30/10","675000"
"9312 Oakwilde Ave Stockton, CA 95212-2607","95212","05/26/10","599000","12/30/10","137.63","01/20/11","500000"
"6126 Roberta Pl Stockton, CA 95212-9473","95212","06/02/10","339900","06/29/10","151.54","08/13/10","339900"
"5404 E Morada Ln Stockton, CA 95212-2617","95212","06/08/10","429900","07/17/10","165.89","09/08/10","425000"
"9840 Oakwilde Ave Stockton, CA 95212-2623","95212","07/29/10","598500","02/27/13","74.76","05/22/13","385000"
"10399 Oakwilde Ave Stockton, CA 95212-9230","95212","09/06/10","650000","12/09/10","232.39","02/08/11","640000"
"10296 Chantel Ln Stockton, CA 95212-9289","95212","09/15/10","649950","10/11/10","206.35","11/12/10","650000"
"5031 Tudor Rose Stockton, CA 95212-9239","95212","07/28/09","1250000","11/11/10","227.49","04/11/11","1200000"
"5200 E Adahmor Ln Stockton, CA 95212-2305","95212","07/30/09","379950","08/15/09","159.42","09/15/09","337500"
"4641 Gnekow Dr Stockton, CA 95212-1306","95212","08/05/09","499950","11/17/10","144.75","12/28/10","480000"
"5518 Shippee Ln Stockton, CA 95212-2215","95212","08/20/09","540000","08/31/09","140.73","10/09/09","530000"
"6386 Mulberry Ln Stockton, CA 95212-9417","95212","08/27/09","430650","09/21/09","128.13","10/28/09","430650"
"5106 Eastview Dr Stockton, CA 95212-2100","95212","12/03/09","339900","05/24/10","142.88","07/23/10","339900"
"5251 E Quashnick Rd Stockton, CA 95212-9236","95212","04/17/11","449000","10/24/11","131.58","11/23/11","430000"
"9935 Hazel Rd Stockton, CA 95212-9433","95212","12/13/11","575000","01/18/12","87.54","02/01/12","520000"
"5546 Quashnick Rd Stockton, CA 95212-2523","95212","01/04/12","749000","06/11/13","231.12","07/05/13","750000"
"9725 Oakwilde Ave Stockton, CA 95212-2614","95212","04/27/11","799000","09/01/11","181.58","09/16/11","765375"
"9303 Hildreth Ln Stockton, CA 95212-9418","95212","06/01/11","425000","10/26/11","141.13","01/06/12","385000"
"8692 Canepa Rd Stockton, CA 95212-9425","95212","06/07/11","1295000","09/23/11","157.60","10/25/11","1150000"
"4851 Tudor Rose Stockton, CA 95212-9251","95212","06/15/11","450000","01/20/12","144.32","02/09/12","450000"
"9734 Oakwilde Ave Stockton, CA 95212-2615","95212","06/17/11","445000","08/17/11","132.02","08/17/11","395000"
"4704 Hildreth Ln Stockton, CA 95212-1409","95212","06/20/11","449000","07/14/11","122.04","08/12/11","449000"
"8555 Arbour Rd Stockton, CA 95212-1402","95212","07/18/11","665000","07/17/12","101.33","08/29/12","625000"
"10388 Eastview Dr Stockton, CA 95212-2528","95212","04/13/12","725000","04/26/13","207.10","05/10/13","700000"
"4902 Hildreth Ln Stockton, CA 95212-1420","95212","08/18/11","395000","01/09/12","165.91","02/07/12","365000"
"4932 Shippee Ln Stockton, CA 95212-1922","95212","08/25/11","499900","03/20/12","153.34","04/12/12","489000"
"6155 Amande Ct Stockton, CA 95212-9423","95212","08/13/10","629000","10/29/10","137.01","01/07/11","566000"
"10379 Black Oak Ct Stockton, CA 95212-2531","95212","08/27/10","699900","10/24/10","130.10","12/07/10","650000"
"8882 Hildreth Ln Stockton, CA 95212-9428","95212","11/05/10","399900","01/19/11","152.77","02/11/11","350000"
"9361 Cole Dr Stockton, CA 95212-2000","95212","02/03/11","375000","02/08/11","150.13","02/08/11","339000"
"5242 Black Oak Dr Stockton, CA 95212-2532","95212","10/17/11","749900","10/22/11","188.58","11/14/11","740000"
"10384 Greystone Ct Stockton, CA 95212-2529","95212","02/11/11","649500","09/01/11","200.48","10/21/11","628300"
"10775 Oakwilde Ave Stockton, CA 95212-9250","95212","03/10/11","574900","05/02/12","161.43","07/19/12","565000"
"5376 E Morada Ln Stockton, CA 95212-2604","95212","03/28/11","389000","10/18/11","155.74","11/10/11","385000"
"6182 Amande Ct Stockton, CA 95212-9423","95212","01/30/12","699000","06/11/12","142.68","07/20/12","680000"
"10644 Oakwilde Ave Stockton, CA 95212-9246","95212","02/07/12","699000","05/24/12","192.31","08/16/12","655000"
"4953 Mosher Dr Stockton, CA 95212-1717","95212","03/15/12","535000","10/17/12","118.60","12/11/12","505000"
"4929 Franco Ave Stockton, CA 95212-1909","95212","03/16/12","395000","08/06/12","140.29","09/26/12","375000"
"5270 Quashnick Rd Stockton, CA 95212-2513","95212","03/23/12","499900","04/05/12","181.76","05/09/12","530000"
"9834 Fernwood Ave Stockton, CA 95212-9436","95212","03/28/12","415000","09/20/12","205.30","10/31/12","395000"
"9002 Alhambra Ave Stockton, CA 95212-2340","95212","03/29/12","360000","04/10/12","123.85","07/09/12","376000"
"9431 Alhambra Ave Stockton, CA 95212-2602","95212","04/16/12","525000","04/24/12","218.64","06/25/12","512500"
"10300 Eastview Dr Stockton, CA 95212-2528","95212","05/08/12","799950","08/10/12","223.48","09/07/12","758500"
"5541 E Quashnick Rd Stockton, CA 95212-2504","95212","05/16/12","535000","05/23/12","173.15","07/11/12","530000"
"6299 Amande Ct Stockton, CA 95212-9423","95212","09/02/11","424900","02/07/12","128.83","04/17/12","395000"
"6215 Roberta Pl Stockton, CA 95212-9439","95212","10/05/11","449500","04/06/12","123.88","05/25/12","442500"
"5158 Eastview Dr Stockton, CA 95212-2100","95212","05/31/12","650000","07/30/12","110.00","02/13/13","462000"
"4515 Hildreth Ln Stockton, CA 95212-1406","95212","10/07/11","379950","12/26/11","139.38","01/27/12","355000"
"10327 Capewood Ln Stockton, CA 95212-9447","95212","01/19/13","425000","03/05/13","140.54","05/06/13","407000"
"7808 Foppiano Ln Stockton, CA 95212-9469","95212","02/02/13","399000","02/24/13","184.98","03/26/13","389200"
"5200 E Adahmore Ln Stockton, CA 95212-2305","95212","02/12/13","361000","09/20/13","171.71","10/17/13","363500"
"6363 Mcfarland Rd Stockton, CA 95212-9475","95212","03/01/13","719950","08/06/13","211.98","09/06/13","715000"
"8560 Robin Ln Stockton, CA 95212-2333","95212","03/06/13","434500","03/28/13","145.75","05/10/13","425000"
"9264 Alhambra Ave Stockton, CA 95212-9429","95212","03/08/13","599950","05/03/13","130.63","06/21/13","597000"
"9150 Jonathon Ct Stockton, CA 95212-1425","95212","03/15/13","739950","05/14/13","172.07","05/24/13","690000"
"5175 Tudor Rose Glen Stockton, CA 95212-9209","95212","03/19/13","750000","10/11/13","176.54","11/15/13","700000"
"5460 Hildreth Ln Stockton, CA 95212-2324","95212","04/06/13","699950","08/13/13","210.88","09/26/13","620000"
"4941 Cozad Way Stockton, CA 95212-1903","95212","04/10/13","369950","05/14/13","173.93","06/14/13","369950"
"5685 Black Oak Dr Stockton, CA 95212-2537","95212","04/19/13","625000","06/07/13","184.49","07/23/13","590000"
"9503 Trenton Way Stockton, CA 95212-1621","95212","04/24/13","339400","05/06/13","134.82","06/19/13","350000"
"10501 Hildreth Ln Stockton, CA 95212-9443","95212","04/26/13","1550000","02/05/14","333.52","03/10/14","1200000"
"10327 Capewood Ln Stockton, CA 95212-9447","95212","10/27/11","430000","03/07/12","145.03","04/03/12","420000"
"8551 Emanuel Way Stockton, CA 95212-1421","95212","05/09/13","586900","05/29/13","72.64","07/29/13","586900"
"4438 E Mosher Dr Stockton, CA 95212-1705","95212","05/11/13","429900","01/28/14","106.88","01/31/14","410000"
"5131 Hickory Ave Stockton, CA 95212-2420","95212","05/15/13","399950","06/01/13","136.75","06/28/13","407500"
"5355 Black Oak Dr Stockton, CA 95212-2533","95212","05/16/13","645000","07/22/13","106.35","10/03/13","650000"
"9932 Garnet Ave Stockton, CA 95212-1703","95212","06/06/13","435000","08/08/13","149.87","10/04/13","415000"
"8547 Helen Ln Stockton, CA 95212-9413","95212","06/14/13","599950","09/08/13","154.35","12/24/13","585000"
"5524 Gary Ave Stockton, CA 95212-2316","95212","08/02/13","389000","08/11/13","190.85","09/09/13","392000"
"5518 Shippee Ln Stockton, CA 95212","95212","09/01/13","599000","01/08/14","155.34","01/31/14","585000"
"4831 Bond Way Stockton, CA 95212-1405","95212","09/05/13","399000","09/25/13","134.74","10/31/13","389000"
"4849 Mosher Dr Stockton, CA 95212-1708","95212","09/27/13","425000","10/26/13","171.01","02/05/14","420000"
"5541 E Quashnick Rd Stockton, CA 95212-2504","95212","10/28/11","525000","12/26/11","171.51","01/24/12","525000"
"5002 Eastview Dr Stockton, CA 95212-2100","95212","11/02/11","439500","02/06/13","145.79","03/13/13","412000"
"6156 Roberta Pl Stockton, CA 95212-9439","95212","11/16/11","399950","07/21/12","143.60","08/28/12","357000"
"9357 Hickory Stockton, CA 95212","95212","10/30/13","448500","01/13/14","138.71","02/18/14","430000"
"9937 Laron Ct Stockton, CA 95212-1710","95212","09/18/12","410000","09/21/12","89.89","12/28/12","417000"
"8333 Bennett Dr Stockton, CA 95212-2202","95212","01/04/14","412000","04/14/14","138.69","05/20/14","385000"
"4660 Mosher Dr Stockton, CA 95212-1707","95212","10/08/12","364000","11/20/12","114.36","02/05/13","364000"
"4810 E Morada Ln Stockton, CA 95212-1614","95212","01/16/14","729500","06/13/14","191.74","07/11/14","715000"
"5530 El Greco Dr Stockton, CA 95212-9228","95212","02/28/14","719000","03/27/14","193.58","04/29/14","700000"
"10399 Capewood Ln Stockton, CA 95212-9447","95212","03/06/14","380000","10/31/14","134.66","11/26/14","362914"
"9155 Jonathon Ct Stockton, CA 95212-1425","95212","10/08/12","749000","10/19/12","202.37","12/21/12","735000"
"8745 E Adahmore Ln Stockton, CA 95212-2301","95212","03/14/14","465000","04/08/14","159.76","04/18/14","455000"
"5132 Hickory Ave Stockton, CA 95212","95212","03/20/14","565000","04/15/14","240.00","05/08/14","552000"
"6221 Kimberly Ln Stockton, CA 95212-9427","95212","03/24/14","325000","03/29/14","172.25","05/12/14","360000"
"5515 Quashnick Rd Stockton, CA 95212-2504","95212","04/01/14","749950","04/22/14","237.46","05/30/14","715000"
"5345 Oakview Ln Stockton, CA 95212","95212","04/04/14","375000","05/16/14","202.95","05/16/14","385000"
"10725 Chantel Ln Stockton, CA 95212","95212","04/11/14","585000","04/20/14","201.71","05/23/14","590000"
"8648 Robin Ln Stockton, CA 95212-2333","95212","05/29/14","435000","07/25/14","146.97","09/09/14","426500"
"4645 Mosher Dr, Stockton, CA 95212-1706","95212","05/29/14","449000","01/21/15","138.71","07/22/15","430000"
"8553 Treasure Ave Stockton, CA 95212-1414","95212","06/01/14","449000","06/25/14","156.25","07/18/14","435000"
"5227 E Morada Ln, Stockton, CA 95212-2409","95212","06/01/14","525000","04/03/15","146.97","06/12/15","485000"
"10458 Oakwilde Ave Stockton, CA 95212-9233","95212","06/03/14","799950","07/18/14","187.80","09/18/14","770000"
"4751 Tudor Rose Stockton, CA 95212-9259","95212","10/14/12","729000","10/29/13","162.15","11/26/13","712500"
"8409 Treasure Stockton, CA 95212","95212","06/25/14","499000","07/17/14","193.75","08/06/14","474500"
"5120 Shippee Ln Stockton, CA 95212","95212","06/30/14","349950","08/08/14","189.84","09/12/14","340000"
"9100 Jonathon Ct Stockton, CA 95212-1425","95212","06/10/14","937000","08/04/14","191.78","09/10/14","929000"
"5255 Shippee Ln Stockton, CA 95212-2212","95212","07/28/14","350000","11/14/14","167.98","12/15/14","340000"
"10514 Chantel Ln Stockton, CA 95212","95212","08/15/14","870000","11/22/14","266.30","12/31/14","825000"
"9687 Hildreth Lane Stockton, CA 95212","95212","08/19/14","475000","09/29/14","245.93","11/03/14","468000"
"6235 Amande Ct, Stockton, CA 95212-9423","95212","09/02/14","725000","04/20/15","177.77","06/19/15","715000"
"5327 Foppiano Ln Stockton, CA 95212-2208","95212","09/09/14","349950","12/08/14","95.26","03/09/15","380000"
"6284 Kimberly Ln Stockton, CA 95212-9427","95212","09/10/14","475000","12/27/14","154.78","01/22/15","460000"
"8509 Bennett Dr Stockton, CA 95212","95212","09/15/14","374000","10/25/14","175.70","12/08/14","360000"
"9732 Springfield Way Stockton, CA 95212-2019","95212","09/18/14","369900","09/22/14","191.00","10/10/14","365000"
"5537 E Morada Ln, Stockton, CA 95212-2605","95212","09/18/14","539500","07/28/15","201.47","09/04/15","534500"
"6310 Hidden Acres Rd, Stockton, CA 95212-9421","95212","10/03/14","597900","04/17/15","252.02","06/26/15","625000"
"9575 Ruff Ave Stockton, CA 95212-2417","95212","10/13/14","525000","10/28/14","197.09","11/26/14","515000"
"9475 Oakwilde Ave Stockton, CA 95212-2608","95212","10/22/14","450000","11/21/14","208.92","12/17/14","445000"
"10492 La Loma Way Stockton, CA 95212","95212","10/25/14","759000","11/14/14","214.94","12/31/14","725000"
"4874 E Eight Mile Rd, Stockton, CA 95212-9449","95212","11/09/14","599000","11/30/15","222.27","02/17/16","575000"
"5458 Black Oak Dr Stockton, CA 95212-2534","95212","12/01/14","899000","12/08/14","186.82","01/16/15","899000"
"8545 Helen Ln, Stockton, CA 95212-9413","95212","12/10/14","599000","07/01/15","127.29","08/14/15","577000"
"5275 La Mirada Way, Stockton, CA 95212-9265","95212","12/10/14","675000","08/14/15","203.62","12/21/15","675000"
"5328 Black Oak Dr Stockton, CA 95212-2533","95212","01/01/15","765000","01/19/15","266.67","03/06/15","720000"
"6368 Hidden Acres Rd, Stockton, CA 95212-9421","95212","01/02/15","455000","07/11/15","157.28","08/28/15","455000"
"6420 E Morada Ln, Stockton, CA 95212-9485","95212","01/13/15","384950","01/22/16","171.91","03/03/16","350000"
"10234 Chantel Ln, Stockton, CA 95212","95212","01/24/15","795000","07/03/15","168.60","08/17/15","725000"
"8432 Meath Dr, Stockton, CA 95212-1918","95212","01/29/15","469000","04/23/15","132.02","06/05/15","435000"
"4620 Shippee Lane Stockton, CA 95212-1919","95212","01/29/15","447895","02/16/15","168.32","03/25/15","425000"
"5031 Tudor Rose, Stockton, CA 95212-9239","95212","02/27/15","599888","05/15/15","123.13","06/11/15","589900"
"9603 Trenton Way Stockton, CA 95212","95212","03/01/15","389000","04/10/15","190.58","05/14/15","360000"
"9030 Frankford Ln, Stockton, CA 95212-2313","95212","03/05/15","450000","04/08/15","200.55","05/26/15","435000"
"10116 E Eight Mile Rd, Stockton, CA 95212-9294","95212","02/28/15","399000","04/23/15","258.28","05/29/15","390000"
"9229 valley Dr Stockton, CA 95212","95212","03/20/15","399000","03/30/15","352.47","04/29/15","399000"
"5053 Manor Cir, Stockton, CA 95212-1914","95212","04/02/15","549000","04/20/15","177.33","06/05/15","549000"
"6102 Roberta Ct Stockton, CA 95212-9445","95212","10/30/12","549950","12/14/12","106.38","01/25/13","500000"
"9559 Cole Dr Stockton, CA 95212-2010","95212","11/06/12","399950","05/24/13","85.71","06/14/13","400000"
"10510 Oakwilde Ave Stockton, CA 95212-9240","95212","11/16/12","549900","05/11/13","211.81","07/01/13","520000"
"7922 E Eight Mile Rd Stockton, CA 95212-9303","95212","11/26/12","499900","02/11/13","122.34","03/13/13","529000"
"5109 Tudor Rose Glen Stockton, CA 95212-9209","95212","12/26/12","695000","09/05/13","170.38","09/25/13","695000"
"4603 Tudor Rose Stockton, CA 95212-9255","95212","05/09/12","709000","07/23/12","116.21","09/25/12","709000"
"5425 El Greco Dr Stockton, CA 95212-9334","95212","01/02/13","549900","02/07/13","121.92","04/10/13","535000"
"9148 Alhambra Ave Stockton, CA 95212-9429","95212","06/11/12","469950","09/30/12","162.90","11/07/12","469000"
"8977 Maranon Dr Stockton, CA 95212-1413","95212","01/04/13","647500","01/18/13","189.33","03/19/13","647500"
"4953 Tudor Rose Stockton, CA 95212-9253","95212","01/09/13","821888","07/25/13","128.86","11/19/14","821888"
"4516 Hildreth Ln Stockton, CA 95212-1407","95212","01/09/13","699000","04/09/13","167.40","05/13/13","689000"
"8647 Alhambra Ave Stockton, CA 95212-2336","95212","06/30/12","450000","08/01/12","87.41","11/06/12","520000"
"10798 Chantel Ln Stockton, CA 95212-9220","95212","05/02/13","549000","05/14/13","167.68","07/16/13","549000"
"6170 Amande Ct Stockton, CA 95212-9423","95212","07/05/12","785000","11/16/12","180.15","12/17/12","735000"
"9000 Nassano Dr Stockton, CA 95212-2326","95212","10/21/13","389950","12/15/13","148.24","02/04/14","375777"
"6737 E Ashley Ln Stockton, CA 95212-9440","95212","08/09/12","499000","05/23/13","98.80","07/02/13","520000"
"8764 Walnut Acres Rd Stockton, CA 95212-1419","95212","10/24/13","419000","01/12/14","220.18","02/12/14","419000"
"8834 Hildreth Ln Stockton, CA 95212-9428","95212","08/24/12","649500","06/11/13","157.33","08/05/13","633250"
"4946 Eastview Dr Stockton, CA 95212-2100","95212","08/27/12","440000","12/09/12","158.55","01/25/13","410000"
"6200 Raymond Ct Stockton, CA 95212","95212","01/07/14","624950","04/17/14","145.99","06/10/14","580000"
"9840 Oakwilde Ave Stockton, CA 95212-2623","95212","03/11/14","799900","06/11/14","146.02","08/01/14","752000"
"9935 Hazel Rd Stockton, CA 95212-9433","95212","10/29/13","599900","02/12/14","95.28","03/14/14","585000"
"8957 Nassano Dr Stockton, CA 95212-2339","95212","10/30/13","350000","06/24/14","108.20","08/25/14","380000"
"8639 Walnut Acres Stockton, CA 95212","95212","06/13/14","499000","03/03/15","139.56","05/08/15","499900"
"5238 Franceen Ln, Stockton, CA 95212-2219","95212","04/08/15","371900","04/21/15","155.58","05/26/15","365000"
"8916 Hildreth Ln, Stockton, CA 95212-9487","95212","04/14/15","325000","04/27/15","258.89","05/29/15","345100"
"8427 Bennett Dr, Stockton, CA 95212","95212","04/17/15","387500","04/30/15","186.92","06/09/15","383000"
"6102 Roberta Ct, Stockton, CA 95212","95212","04/28/15","575000","09/01/15","127.70","09/16/15","550000"
"10725 Chantel Ln, Stockton, CA 95212","95212","04/29/15","755000","05/29/15","252.99","08/03/15","740000"
"9474 Trenton Way, Stockton, CA 95212-1622","95212","04/30/15","329000","05/14/15","165.77","06/30/15","340000"
"5860 E Acorn Ct, Stockton, CA 95212-2618","95212","04/30/15","895000","06/01/15","226.39","07/13/15","812500"
"6386 Mulberry Ln, Stockton, CA 95212-9417","95212","05/01/15","499500","05/27/15","144.30","07/14/15","485000"
"6753 Foppiano Ln, Stockton, CA 95212-9411","95212","05/11/15","675000","09/13/15","263.05","11/09/15","650000"
"6277 McFarland Rd, Stockton, CA 95212-9475","95212","05/13/15","692500","07/08/15","172.10","08/12/15","660000"
"8945 Hope Ln, Stockton, CA 95212-1512","95212","05/13/15","449900","08/06/15","181.86","09/18/15","425000"
"4646 E Morada Ln, Stockton, CA 95212-1613","95212","05/13/15","1999000","10/06/15","257.73","10/09/15","1800000"
"6409 E Morada Ln, Stockton, CA 95212-9419","95212","05/17/15","435000","07/18/15","212.18","08/28/15","425000"
"4604 Mosher Dr, Stockton, CA 95212-1707","95212","05/18/15","485000","10/15/15","208.06","12/02/15","470000"
"9529 Oakwilde Ave, Stockton, CA 95212-2625","95212","05/18/15","549900","08/31/15","202.13","10/27/15","475000"
"4603 Mosher Dr, Stockton, CA 95212-1704","95212","06/14/15","425000","06/20/15","154.71","07/23/15","425000"
"4660 Mosher, Stockton, CA 95212-1707","95212","06/25/15","535000","07/01/15","168.08","08/12/15","535000"
"9976 Hazel Rd, Stockton, CA 95212-9433","95212","06/25/15","399000","08/05/15","233.13","09/25/15","380000"
"4929 Hildreth Ln, Stockton, CA 95212-1408","95212","07/01/15","559000","11/05/15","181.38","01/20/16","559000"
"5209 Shippee Ln, Stockton, CA 95212-2212","95212","07/01/15","385000","07/15/15","175.16","08/12/15","385000"
"8903 Hilary, Stockton, CA 95212-1510","95212","07/24/15","364950","07/27/15","162.35","08/25/15","370000"
"5161 Los Cerritos Dr, Stockton, CA 95212","95212","07/24/15","579950","08/03/15","199.58","09/15/15","572000"
"10458 Chantel Ln, Stockton, CA 95212","95212","07/31/15","650000","09/04/15","206.53","10/21/15","595000"
"4704 Mosher Dr, Stockton, CA 95212-1719","95212","08/01/15","479900","01/19/16","189.27","02/19/16","455000"
"7808 Foppiano Ln, Stockton, CA 95212-9469","95212","08/04/15","530000","10/14/15","243.35","12/02/15","512000"
"4751 Tudor Rose Glen Rd, Stockton, CA 95212-9259","95212","09/01/15","819000","09/24/15","183.20","10/30/15","805000"
"5248 E Ashley Ln, Stockton, CA 95212","95212","09/20/15","336500","12/29/15","161.29","02/01/16","340000"
"9161 Hildreth Ln, Stockton, CA 95212-9422","95212","10/12/15","435000","02/03/16","227.04","04/06/16","435000"
"8755 Alhambra Ave, Stockton, CA 95212","95212","10/16/15","425000","12/01/15","202.74","02/29/16","400000"
"9429 Hickory Ave, Stockton, CA 95212-2403","95212","10/20/15","599950","06/16/16","196.77","07/27/16","585000"
"5045 E Morada Ln, Stockton, CA 95212","95212","10/18/15","544888","11/19/15","307.47","12/28/15","535000"
"5257 E Adahmore Ln, Stockton, CA 95212-2304","95212","10/27/15","475000","04/14/16","188.12","04/27/16","415000"
"9130 Alhambra Ave, Stockton, CA 95212-9429","95212","11/03/15","535000","11/24/15","171.28","01/08/16","532000"
"4702 Broughton Dr, Stockton, CA 95212-2004","95212","12/06/15","450000","06/10/16","199.03","07/25/16","450000"
"4638 Hildreth Ln, Stockton, CA 95212-1427","95212","12/11/15","387300","01/18/16","155.96","02/26/16","383814"
"5284 Black Oak Dr, Stockton, CA 95212-2532","95212","01/21/16","949500","03/26/16","191.86","05/06/16","949500"
"8830 Hildreth Ln, Stockton, CA 95212-9428","95212","01/21/16","774900","06/22/16","190.29","06/28/16","725000"
"5184 Los Cerritos Dr, Morada, CA 95212-9261","95212","01/20/16","995000","03/21/16","194.07","04/14/16","995000"
"10521 Oakwilde Ave, Stockton, CA 95212-9241","95212","01/31/16","1388500","02/01/16","223.99","04/15/16","1240000"
"9927 Oakwilde, Stockton, CA 9","9","12/22/15","568800","02/03/16","166.71","02/22/16","565800"
"4438 Mosher Dr, Stockton, CA 95212-1705","95212","02/10/16","489900","03/07/16","125.13","04/01/16","480000"
"9030 Frankford Ln, Stockton, CA 95212-2313","95212","02/13/16","529000","05/13/16","239.28","05/20/16","519000"
"6233 Mcfarland Rd, Stockton, CA 95212-9475","95212","02/16/16","660000","06/27/16","180.74","08/02/16","625000"
"8245 Bennett Dr, Stockton, CA 95212-2202","95212","02/22/16","374900","03/28/16","185.80","05/12/16","369000"
"9061 Nassano Dr, Stockton, CA 95212-2325","95212","02/23/16","539500","03/01/16","241.41","03/29/16","555000"
"9478 Oakwilde Ave, Stockton, CA 95212","95212","03/29/16","350250","04/11/16","181.31","05/25/16","355000"
"10399 Oakwilde Ave, Stockton, CA 95212-9230","95212","04/06/16","675000","06/15/16","215.59","08/05/16","650000"
"5263 SHIPPEE Ln, Stockton, CA 95212-2212","95212","04/14/16","389500","04/19/16","230.82","05/24/16","352000"
"8639 Walnut Acres Road, Stockton, CA 95212-1416","95212","04/22/16","598000","04/30/16","159.13","06/27/16","570000"
"7200 E Eight Mile Rd, Stockton, CA 95212-9444","95212","04/27/16","409900","05/01/16","268.82","05/26/16","425000"
"8642 Walnut Acres Rd, Stockton, CA 95212-1417","95212","05/02/16","450000","08/03/16","168.93","10/05/16","435000"
"9155 Hildreth Ln, Stockton, CA 95212-9422","95212","05/03/16","649950","07/14/16","219.45","08/19/16","605250"
"10212 Garnet Ave, Stockton, CA 95212-2106","95212","05/05/16","414950","06/08/16","198.07","07/22/16","414950"
"8945 Hildreth Ln, Stockton, CA 95212-9487","95212","05/17/16","499900","05/31/16","243.19","08/02/16","500000"
"5412 Hildreth Ln, Stockton, CA 95212-2324","95212","05/23/16","595000","06/18/16","244.68","08/24/16","575000"
"4642 Mosher Dr, Stockton, CA 95212","95212","05/27/16","479000","09/13/16","188.36","10/13/16","479000"
"9645 Alhambra Ave, Stockton, CA 95212-2616","95212","05/27/16","629000","06/03/16","206.65","07/08/16","637500"
"4929 Franco Ave, Stockton, CA 95212-1909","95212","06/08/16","499950","08/09/16","178.83","09/27/16","478000"
"9493 Trenton Way, Stockton, CA 95212-1621","95212","06/09/16","489000","07/23/16","202.65","08/24/16","475000"
"5801 E Acorn Ct, Stockton, CA 95212-2601","95212","06/14/16","815000","10/31/16","214.65","12/16/16","800000"
"8427 Treasure Ave, Stockton, CA 95212-1925","95212","06/28/16","356000","09/25/16","225.22","11/03/16","359000"
"6407 Mulberry Ln, Stockton, CA 95212-9417","95212","07/13/16","431500","07/14/16","198.85","07/22/16","431500"
"10615 Oakwilde Ave, Stockton, CA 95212-9243","95212","07/18/16","949999","07/25/16","201.64","08/24/16","910000"
"9751 Hildreth, Stockton, CA 95212","95212","07/19/16","779000","07/23/16","287.10","09/27/16","770000"
"8655 Treasure Ave, Stockton, CA 95212-1414","95212","08/04/16","499000","09/30/16","179.37","12/09/16","499000"
"9100 Jonathon Ct, Stockton, CA 95212-1425","95212","08/18/16","959000","12/22/16","180.64","12/22/16","875000"
"4525 Hildreth Ln, Stockton, CA 95212-1406","95212","10/18/16","393000","10/24/16","272.13","11/16/16","455000"
"7808 Foppiano Ln, Stockton, CA 95212","95212","12/06/16","549950","12/11/16","254.04","12/16/16","534500"
